{"stats":{"minecraft:mined":{"minecraft:nether_gold_ore":12,"minecraft:large_amethyst_bud":2,"minecraft:tuff":26,"minecraft:white_bed":6,"minecraft:deepslate_diamond_ore":60,"minecraft:red_sand":1,"minecraft:acacia_log":9,"minecraft:grass_block":8,"minecraft:crimson_roots":7,"minecraft:jungle_log":4,"minecraft:light_gray_bed":1,"minecraft:acacia_slab":2,"minecraft:crimson_fungus":1,"minecraft:crimson_stem":21,"minecraft:spawner":3,"minecraft:hay_block":27,"minecraft:weeping_vines_plant":2,"minecraft:magma_block":2,"minecraft:raw_iron_block":1,"minecraft:furnace":1,"minecraft:acacia_trapdoor":2,"minecraft:iron_ore":6,"minecraft:fire":9,"minecraft:cobbled_deepslate":21,"minecraft:acacia_wood":13,"minecraft:acacia_stairs":12,"minecraft:deepslate_lapis_ore":2,"minecraft:gold_block":3,"minecraft:vine":1,"minecraft:rail":33,"minecraft:stone":73,"minecraft:orange_bed":2,"minecraft:podzol":1,"minecraft:acacia_leaves":3,"minecraft:blackstone":21,"minecraft:crimson_nylium":8,"minecraft:amethyst_cluster":3,"minecraft:orange_terracotta":2,"minecraft:crafting_table":6,"minecraft:torch":2,"minecraft:melon":10,"minecraft:chest":3,"minecraft:dead_bush":1,"minecraft:lectern":379,"minecraft:nether_quartz_ore":753,"minecraft:tall_grass":10,"minecraft:cobblestone":1,"minecraft:sugar_cane":426,"minecraft:wall_torch":2,"minecraft:wheat":8,"minecraft:nether_wart_block":3,"minecraft:yellow_bed":4,"minecraft:grass":33,"minecraft:coal_ore":16,"minecraft:gravel":4,"minecraft:sand":1,"minecraft:dirt":34,"minecraft:crimson_planks":57,"minecraft:cobweb":45,"minecraft:acacia_planks":5,"minecraft:ancient_debris":4,"minecraft:netherrack":2432,"minecraft:oak_leaves":1,"minecraft:deepslate":147,"minecraft:fern":1},"minecraft:broken":{"minecraft:iron_axe":2,"minecraft:iron_pickaxe":1,"minecraft:golden_pickaxe":1},"minecraft:used":{"minecraft:stone_sword":101,"minecraft:flint_and_steel":8,"minecraft:chest":3,"minecraft:shield":54,"minecraft:rotten_flesh":4,"minecraft:netherrack":99,"minecraft:orange_bed":2,"minecraft:torch":14,"minecraft:mutton":5,"minecraft:dirt":37,"minecraft:dark_oak_planks":1,"minecraft:iron_axe":497,"minecraft:acacia_slab":134,"minecraft:crimson_planks":108,"minecraft:diamond_chestplate":2,"minecraft:bow":2,"minecraft:beef":4,"minecraft:hay_block":1,"minecraft:furnace":1,"minecraft:minecart":4,"minecraft:egg":1,"minecraft:acacia_planks":5,"minecraft:cobbled_deepslate":158,"minecraft:orange_terracotta":2,"minecraft:iron_leggings":2,"minecraft:light_gray_bed":1,"minecraft:wheat_seeds":8,"minecraft:baked_potato":6,"minecraft:acacia_boat":1,"minecraft:water_bucket":41,"minecraft:ender_pearl":1,"minecraft:acacia_trapdoor":14,"minecraft:stone_pickaxe":7,"minecraft:blackstone":4,"minecraft:wooden_pickaxe":9,"minecraft:glow_ink_sac":1,"minecraft:sugar_cane":7,"minecraft:diamond_axe":44,"minecraft:jungle_boat":17,"minecraft:golden_apple":1,"minecraft:rail":31,"minecraft:crafting_table":7,"minecraft:white_bed":6,"minecraft:acacia_stairs":1,"minecraft:diamond_pickaxe":3349,"minecraft:suspicious_stew":2,"minecraft:bread":84,"minecraft:melon_slice":42,"minecraft:iron_pickaxe":250,"minecraft:lectern":380,"minecraft:gravel":9,"minecraft:stone_axe":77,"minecraft:jungle_sign":1,"minecraft:nether_wart_block":1,"minecraft:diamond_sword":149,"minecraft:cobblestone":54,"minecraft:porkchop":2,"minecraft:cooked_porkchop":10,"minecraft:bucket":42,"minecraft:yellow_bed":4,"minecraft:diamond_leggings":3,"minecraft:golden_pickaxe":29},"minecraft:killed":{"minecraft:cave_spider":5,"minecraft:witch":1,"minecraft:spider":4,"minecraft:skeleton":8,"minecraft:turtle":3,"minecraft:piglin":9,"minecraft:iron_golem":1,"minecraft:hoglin":4,"minecraft:creeper":2,"minecraft:sheep":3,"minecraft:zombie":24,"minecraft:glow_squid":1,"minecraft:enderman":2,"minecraft:cow":6},"minecraft:crafted":{"minecraft:raw_iron":9,"minecraft:furnace":1,"minecraft:diamond_helmet":1,"minecraft:diamond_leggings":1,"minecraft:iron_axe":2,"minecraft:stone_pickaxe":1,"minecraft:diamond_boots":2,"minecraft:wheat":243,"minecraft:baked_potato":36,"minecraft:crimson_planks":84,"minecraft:diamond_sword":1,"minecraft:emerald":26,"minecraft:cooked_porkchop":10,"minecraft:diamond_axe":1,"minecraft:crafting_table":1,"minecraft:jungle_boat":1,"minecraft:acacia_slab":174,"minecraft:wooden_pickaxe":1,"minecraft:hay_block":1,"minecraft:bucket":1,"minecraft:stone_axe":1,"minecraft:enchanted_book":2,"minecraft:bread":81,"minecraft:air":0,"minecraft:jungle_planks":16,"minecraft:book":7,"minecraft:paper":633,"minecraft:diamond_pickaxe":2,"minecraft:shield":1,"minecraft:stick":36,"minecraft:iron_ingot":18,"minecraft:iron_pickaxe":1,"minecraft:stone_sword":1,"minecraft:gold_ingot":27,"minecraft:acacia_planks":100,"minecraft:jungle_sign":3,"minecraft:diamond_chestplate":1},"minecraft:picked_up":{"minecraft:seagrass":5,"minecraft:crafting_table":8,"minecraft:iron_chestplate":1,"minecraft:wheat":9,"minecraft:golden_pickaxe":2,"minecraft:diamond_sword":1,"minecraft:gold_block":3,"minecraft:crimson_planks":83,"minecraft:shield":4,"minecraft:string":53,"minecraft:iron_axe":2,"minecraft:flint_and_steel":1,"minecraft:iron_leggings":4,"minecraft:blackstone":12,"minecraft:diamond_leggings":3,"minecraft:gold_nugget":33,"minecraft:cobbled_deepslate":163,"minecraft:beef":9,"minecraft:iron_pickaxe":4,"minecraft:minecart":3,"minecraft:lectern":379,"minecraft:melon_slice":52,"minecraft:sugar_cane":580,"minecraft:chest":3,"minecraft:furnace":2,"minecraft:iron_boots":4,"minecraft:egg":1,"minecraft:stick":2,"minecraft:raw_iron":6,"minecraft:torch":29,"minecraft:acacia_log":15,"minecraft:porkchop":10,"minecraft:dark_oak_planks":1,"minecraft:orange_bed":2,"minecraft:rotten_flesh":8,"minecraft:light_gray_bed":1,"minecraft:arrow":4,"minecraft:diamond_chestplate":1,"minecraft:hay_block":27,"minecraft:mutton":5,"minecraft:rail":33,"minecraft:white_wool":3,"minecraft:cobblestone":76,"minecraft:jungle_boat":17,"minecraft:crimson_stem":21,"minecraft:glow_ink_sac":3,"minecraft:water_bucket":1,"minecraft:jungle_log":4,"minecraft:leather":6,"minecraft:acacia_wood":13,"minecraft:potato":4,"minecraft:flint":2,"minecraft:tuff":26,"minecraft:ancient_debris":6,"minecraft:yellow_bed":4,"minecraft:nether_wart_block":5,"minecraft:gunpowder":2,"minecraft:acacia_boat":2,"minecraft:lapis_lazuli":16,"minecraft:dirt":49,"minecraft:paper":24,"minecraft:orange_terracotta":2,"minecraft:bone":5,"minecraft:acacia_planks":6,"minecraft:bow":2,"minecraft:acacia_trapdoor":2,"minecraft:wheat_seeds":40,"minecraft:stone_pickaxe":1,"minecraft:iron_ingot":22,"minecraft:diamond_helmet":1,"minecraft:glowstone_dust":1,"minecraft:acacia_sapling":4,"minecraft:quartz":605,"minecraft:raw_iron_block":1,"minecraft:gravel":52,"minecraft:sand":1,"minecraft:amethyst_shard":16,"minecraft:white_bed":7,"minecraft:grass_block":1,"minecraft:acacia_stairs":14,"minecraft:spider_eye":2,"minecraft:diamond":60,"minecraft:stone_axe":1,"minecraft:iron_helmet":4,"minecraft:bread":21,"minecraft:emerald":1,"minecraft:ender_pearl":1,"minecraft:oak_sapling":1,"minecraft:acacia_slab":2,"minecraft:netherrack":1262,"minecraft:dark_oak_fence":2,"minecraft:coal":28,"minecraft:crimson_roots":6,"minecraft:diamond_pickaxe":1},"minecraft:dropped":{"minecraft:crimson_planks":26,"minecraft:porkchop":7,"minecraft:wheat_seeds":32,"minecraft:crafting_table":1,"minecraft:iron_helmet":3,"minecraft:saddle":1,"minecraft:acacia_log":3,"minecraft:grass_block":1,"minecraft:flint":1,"minecraft:stick":4,"minecraft:emerald":1,"minecraft:dirt":12,"minecraft:dark_oak_fence":2,"minecraft:crimson_roots":6,"minecraft:nether_wart_block":2,"minecraft:melon_slice":10,"minecraft:iron_leggings":3,"minecraft:gold_nugget":33,"minecraft:sand":1,"minecraft:iron_pickaxe":3,"minecraft:gravel":1,"minecraft:stone_axe":2,"minecraft:blackstone":8,"minecraft:sugar_cane":3,"minecraft:bowl":2,"minecraft:wheat":1,"minecraft:tuff":26,"minecraft:stone_sword":1,"minecraft:cobbled_deepslate":5,"minecraft:rotten_flesh":4,"minecraft:iron_boots":3,"minecraft:glowstone_dust":1,"minecraft:acacia_stairs":10,"minecraft:potato":4,"minecraft:gunpowder":2,"minecraft:iron_chestplate":1,"minecraft:acacia_sapling":4,"minecraft:acacia_slab":2,"minecraft:oak_sapling":1,"minecraft:spider_eye":2,"minecraft:wooden_pickaxe":1,"minecraft:bow":2,"minecraft:beef":5,"minecraft:stone_pickaxe":2,"minecraft:netherrack":746,"minecraft:quartz":349},"minecraft:killed_by":{"minecraft:player":1,"minecraft:zombified_piglin":1,"minecraft:hoglin":2,"minecraft:piglin":3},"minecraft:custom":{"minecraft:mob_kills":76,"minecraft:interact_with_anvil":2,"minecraft:interact_with_crafting_table":39,"minecraft:open_barrel":9,"minecraft:leave_game":5,"minecraft:time_since_death":4025,"minecraft:climb_one_cm":3329,"minecraft:sprint_one_cm":1399447,"minecraft:walk_one_cm":750025,"minecraft:damage_blocked_by_shield":1788,"minecraft:drop":110,"minecraft:talked_to_villager":527,"minecraft:play_time":382385,"minecraft:deaths":10,"minecraft:sneak_time":52745,"minecraft:walk_under_water_one_cm":17372,"minecraft:boat_one_cm":202192,"minecraft:jump":7984,"minecraft:walk_on_water_one_cm":36375,"minecraft:enchant_item":3,"minecraft:total_world_time":382385,"minecraft:interact_with_furnace":21,"minecraft:traded_with_villager":28,"minecraft:interact_with_grindstone":2,"minecraft:sleep_in_bed":22,"minecraft:time_since_rest":1761,"minecraft:damage_absorbed":40,"minecraft:damage_taken":6988,"minecraft:damage_dealt":16545,"minecraft:swim_one_cm":106305,"minecraft:fly_one_cm":1619808,"minecraft:open_chest":173,"minecraft:crouch_one_cm":164146,"minecraft:fall_one_cm":196853,"minecraft:horse_one_cm":18184}},"DataVersion":3578}