{"stats":{"minecraft:mined":{"minecraft:spruce_planks":52,"minecraft:white_bed":4,"minecraft:farmland":7,"minecraft:cobblestone_stairs":1,"minecraft:jungle_leaves":24,"minecraft:brewing_stand":4,"minecraft:spruce_trapdoor":17,"minecraft:cave_vines_plant":6,"minecraft:granite":3,"minecraft:acacia_log":29,"minecraft:grass_block":5844,"minecraft:stone_brick_wall":4,"minecraft:jungle_log":497,"minecraft:deepslate_bricks":4,"minecraft:composter":4,"minecraft:hopper":11,"minecraft:oxeye_daisy":4,"minecraft:nether_wart":7,"minecraft:weeping_vines_plant":1,"minecraft:cobbled_deepslate":43,"minecraft:iron_ore":27,"minecraft:barrel":3,"minecraft:fire":17,"minecraft:moss_carpet":1,"minecraft:fletching_table":2,"minecraft:deepslate_lapis_ore":10,"minecraft:azure_bluet":6,"minecraft:nether_brick_stairs":2,"minecraft:cave_vines":3,"minecraft:polished_deepslate_slab":10,"minecraft:dirt_path":10,"minecraft:spruce_slab":35,"minecraft:orange_bed":25,"minecraft:deepslate_redstone_ore":73,"minecraft:red_bed":1,"minecraft:blackstone":248,"minecraft:melon_stem":2,"minecraft:smoker":1,"minecraft:crimson_nylium":8,"minecraft:clay":10,"minecraft:torch":16,"minecraft:poppy":2,"minecraft:chest":7,"minecraft:spruce_wall_sign":1,"minecraft:nether_quartz_ore":948,"minecraft:glass":15,"minecraft:cobblestone":13,"minecraft:sugar_cane":1241,"minecraft:grindstone":3,"minecraft:oak_planks":74,"minecraft:wall_torch":9,"minecraft:repeater":1,"minecraft:powered_rail":39,"minecraft:nether_wart_block":5,"minecraft:wheat":1,"minecraft:grass":913,"minecraft:oak_log":111,"minecraft:sand":1050,"minecraft:dirt":5194,"minecraft:crimson_planks":2,"minecraft:ancient_debris":48,"minecraft:netherrack":8140,"minecraft:oak_leaves":175,"minecraft:deepslate":658,"minecraft:nether_gold_ore":270,"minecraft:tuff":84,"minecraft:deepslate_diamond_ore":65,"minecraft:nether_bricks":5,"minecraft:spruce_fence":3,"minecraft:jungle_planks":61,"minecraft:weeping_vines":2,"minecraft:redstone_wire":5,"minecraft:spruce_leaves":23,"minecraft:moss_block":11,"minecraft:hay_block":44,"minecraft:spruce_sapling":1,"minecraft:furnace":1,"minecraft:acacia_trapdoor":1,"minecraft:acacia_stairs":4,"minecraft:andesite":29,"minecraft:nether_brick_fence":18,"minecraft:bookshelf":11,"minecraft:potatoes":117,"minecraft:deepslate_iron_ore":41,"minecraft:vine":35,"minecraft:rail":455,"minecraft:bamboo":235,"minecraft:stone":2662,"minecraft:white_wool":8,"minecraft:redstone_wall_torch":1,"minecraft:smithing_table":1,"minecraft:podzol":286,"minecraft:acacia_leaves":2,"minecraft:glass_pane":10,"minecraft:soul_sand":32,"minecraft:dandelion":20,"minecraft:jungle_sign":1,"minecraft:crafting_table":8,"minecraft:cornflower":1,"minecraft:lectern":187,"minecraft:copper_ore":2,"minecraft:tall_grass":102,"minecraft:deepslate_coal_ore":11,"minecraft:deepslate_gold_ore":29,"minecraft:diorite":3,"minecraft:redstone_torch":9,"minecraft:gray_bed":4,"minecraft:spruce_log":1313,"minecraft:yellow_bed":2,"minecraft:coal_ore":43,"minecraft:gravel":511,"minecraft:spruce_fence_gate":4,"minecraft:fern":166},"minecraft:broken":{"minecraft:iron_shovel":1,"minecraft:wooden_shovel":1,"minecraft:stone_pickaxe":1,"minecraft:stone_axe":1,"minecraft:iron_pickaxe":1},"minecraft:used":{"minecraft:moss_block":6,"minecraft:iron_shovel":441,"minecraft:spruce_slab":97,"minecraft:chest":30,"minecraft:shield":94,"minecraft:stone":199,"minecraft:iron_sword":225,"minecraft:nether_wart":22,"minecraft:rotten_flesh":9,"minecraft:soul_sand":20,"minecraft:jungle_planks":63,"minecraft:jungle_slab":1,"minecraft:big_dripleaf":2,"minecraft:glass":95,"minecraft:lava_bucket":5,"minecraft:grass_block":22,"minecraft:villager_spawn_egg":2,"minecraft:repeater":13,"minecraft:bow":34,"minecraft:furnace":4,"minecraft:gray_bed":6,"minecraft:potato":343,"minecraft:diorite":3,"minecraft:acacia_trapdoor":11,"minecraft:stone_pickaxe":131,"minecraft:powered_rail":40,"minecraft:oak_planks":79,"minecraft:wooden_pickaxe":17,"minecraft:composter":15,"minecraft:sugar_cane":204,"minecraft:diamond_axe":2858,"minecraft:clay":1,"minecraft:jungle_boat":22,"minecraft:white_wool":5,"minecraft:glow_berries":22,"minecraft:crossbow":1,"minecraft:stone_brick_wall":196,"minecraft:shears":8,"minecraft:redstone_torch":11,"minecraft:lever":10,"minecraft:bread":143,"minecraft:lectern":196,"minecraft:gravel":45,"minecraft:jungle_sign":1,"minecraft:diamond_sword":488,"minecraft:grindstone":1,"minecraft:andesite":17,"minecraft:oak_boat":3,"minecraft:air":2,"minecraft:bone_meal":9,"minecraft:redstone":11,"minecraft:spruce_planks":110,"minecraft:wooden_shovel":59,"minecraft:cooked_chicken":5,"minecraft:netherrack":572,"minecraft:orange_bed":23,"minecraft:torch":211,"minecraft:brewing_stand":4,"minecraft:dirt":1535,"minecraft:anvil":1,"minecraft:hopper":36,"minecraft:nether_quartz_ore":202,"minecraft:spruce_fence":6,"minecraft:granite":3,"minecraft:iron_hoe":446,"minecraft:bookshelf":3,"minecraft:acacia_slab":4,"minecraft:jungle_log":10,"minecraft:barrel":3,"minecraft:glowstone":2,"minecraft:minecart":39,"minecraft:cooked_beef":22,"minecraft:cobbled_deepslate":119,"minecraft:cooked_mutton":4,"minecraft:water_bucket":142,"minecraft:iron_ore":1,"minecraft:glass_bottle":17,"minecraft:spruce_sign":13,"minecraft:glow_ink_sac":1,"minecraft:fletching_table":5,"minecraft:spruce_fence_gate":10,"minecraft:deepslate_bricks":114,"minecraft:polished_deepslate_slab":19,"minecraft:rail":366,"minecraft:oak_slab":1,"minecraft:crafting_table":16,"minecraft:red_bed":2,"minecraft:white_bed":12,"minecraft:piston":3,"minecraft:diamond_pickaxe":13560,"minecraft:diamond_shovel":12271,"minecraft:iron_pickaxe":438,"minecraft:spruce_pressure_plate":20,"minecraft:spruce_trapdoor":69,"minecraft:spruce_sapling":76,"minecraft:stone_axe":127,"minecraft:cobblestone":75,"minecraft:potion":2,"minecraft:cooked_porkchop":12,"minecraft:bucket":144,"minecraft:glass_pane":118,"minecraft:splash_potion":9},"minecraft:killed":{"minecraft:cave_spider":1,"minecraft:witch":1,"minecraft:spider":27,"minecraft:skeleton":39,"minecraft:chicken":4,"minecraft:piglin":6,"minecraft:pig":7,"minecraft:zombie_villager":2,"minecraft:creeper":19,"minecraft:sheep":3,"minecraft:trader_llama":4,"minecraft:pillager":3,"minecraft:zombie":88,"minecraft:blaze":18,"minecraft:cow":24,"minecraft:wandering_trader":2,"minecraft:hoglin":1,"minecraft:villager":2,"minecraft:enderman":4},"minecraft:crafted":{"minecraft:oak_planks":184,"minecraft:blaze_powder":2,"minecraft:stone":55,"minecraft:lever":10,"minecraft:diamond_shovel":2,"minecraft:bookshelf":13,"minecraft:spruce_pressure_plate":94,"minecraft:cooked_mutton":4,"minecraft:deepslate_brick_stairs":16,"minecraft:glass":964,"minecraft:repeater":21,"minecraft:diamond_helmet":1,"minecraft:diamond_leggings":1,"minecraft:bow":3,"minecraft:iron_boots":1,"minecraft:chest":24,"minecraft:stone_bricks":268,"minecraft:gray_bed":1,"minecraft:glass_bottle":12,"minecraft:oak_slab":12,"minecraft:wooden_shovel":1,"minecraft:emerald":362,"minecraft:diamond_axe":2,"minecraft:crafting_table":9,"minecraft:spruce_planks":4908,"minecraft:jungle_boat":6,"minecraft:acacia_slab":72,"minecraft:wooden_pickaxe":1,"minecraft:fletching_table":6,"minecraft:polished_deepslate_slab":24,"minecraft:light_gray_bed":2,"minecraft:dispenser":2,"minecraft:spruce_trapdoor":208,"minecraft:lectern":10,"minecraft:book":38,"minecraft:paper":1602,"minecraft:diamond_pickaxe":2,"minecraft:shield":2,"minecraft:stick":9871,"minecraft:iron_ingot":336,"minecraft:iron_pickaxe":2,"minecraft:iron_block":3,"minecraft:gold_ingot":263,"minecraft:redstone_torch":65,"minecraft:netherite_ingot":11,"minecraft:composter":8,"minecraft:spruce_fence_gate":85,"minecraft:deepslate_bricks":156,"minecraft:shears":1,"minecraft:redstone":117,"minecraft:stone_shovel":1,"minecraft:stone_brick_wall":264,"minecraft:furnace":2,"minecraft:bone_meal":9,"minecraft:spruce_fence":6,"minecraft:glass_pane":176,"minecraft:polished_deepslate":168,"minecraft:spruce_slab":120,"minecraft:iron_hoe":3,"minecraft:stone_pickaxe":1,"minecraft:diamond_boots":1,"minecraft:redstone_block":63,"minecraft:netherite_scrap":47,"minecraft:minecart":1,"minecraft:wheat":396,"minecraft:sugar":10,"minecraft:diamond_sword":1,"minecraft:spruce_sign":6,"minecraft:iron_sword":2,"minecraft:acacia_trapdoor":22,"minecraft:bucket":3,"minecraft:stone_axe":1,"minecraft:enchanted_book":37,"minecraft:jungle_slab":6,"minecraft:bread":132,"minecraft:air":0,"minecraft:jungle_planks":1152,"minecraft:oak_boat":5,"minecraft:golden_apple":10,"minecraft:fermented_spider_eye":4,"minecraft:iron_shovel":2,"minecraft:iron_leggings":1,"minecraft:anvil":1,"minecraft:white_bed":9,"minecraft:acacia_planks":116,"minecraft:torch":168,"minecraft:lapis_lazuli":72,"minecraft:clay":1,"minecraft:lapis_block":32,"minecraft:diamond_chestplate":1},"minecraft:picked_up":{"minecraft:iron_chestplate":1,"minecraft:wheat":1,"minecraft:nether_brick_fence":18,"minecraft:smithing_table":1,"minecraft:lead":4,"minecraft:oak_stairs":2,"minecraft:potion":5,"minecraft:crimson_planks":3,"minecraft:brewing_stand":4,"minecraft:string":28,"minecraft:gold_nugget":1668,"minecraft:cobbled_deepslate":735,"minecraft:bucket":2,"minecraft:spruce_planks":329,"minecraft:redstone_torch":18,"minecraft:wooden_shovel":1,"minecraft:azalea":2,"minecraft:iron_pickaxe":2,"minecraft:furnace":2,"minecraft:stick":73,"minecraft:composter":28,"minecraft:big_dripleaf":2,"minecraft:acacia_log":42,"minecraft:torch":31,"minecraft:diorite":3,"minecraft:orange_bed":25,"minecraft:light_gray_bed":2,"minecraft:rotten_flesh":151,"minecraft:tropical_fish":2,"minecraft:glowstone":17,"minecraft:blaze_rod":9,"minecraft:cobblestone":285,"minecraft:feather":9,"minecraft:cooked_beef":38,"minecraft:repeater":1,"minecraft:jungle_log":460,"minecraft:andesite":27,"minecraft:brown_wool":6,"minecraft:smoker":1,"minecraft:potato":769,"minecraft:flint":17,"minecraft:tuff":64,"minecraft:acacia_boat":1,"minecraft:lapis_lazuli":98,"minecraft:dirt":4234,"minecraft:glass":15,"minecraft:bone":41,"minecraft:acacia_planks":10,"minecraft:bow":3,"minecraft:wheat_seeds":284,"minecraft:raw_gold":48,"minecraft:grindstone":3,"minecraft:fletching_table":2,"minecraft:bamboo":395,"minecraft:powered_rail":40,"minecraft:moss_block":11,"minecraft:stone_hoe":1,"minecraft:oak_planks":105,"minecraft:cooked_porkchop":19,"minecraft:poisonous_potato":3,"minecraft:jungle_planks":99,"minecraft:sand":1032,"minecraft:nether_brick_stairs":2,"minecraft:grass_block":3180,"minecraft:acacia_stairs":8,"minecraft:barrel":3,"minecraft:iron_hoe":1,"minecraft:spruce_fence_gate":4,"minecraft:diamond":141,"minecraft:crossbow":1,"minecraft:granite":3,"minecraft:spruce_sign":1,"minecraft:emerald":277,"minecraft:bread":73,"minecraft:oak_sapling":32,"minecraft:netherrack":3280,"minecraft:diamond_pickaxe":2,"minecraft:cocoa_beans":18,"minecraft:crafting_table":7,"minecraft:azure_bluet":2,"minecraft:nether_wart":31,"minecraft:clay_ball":40,"minecraft:leather_leggings":1,"minecraft:stone_brick_wall":122,"minecraft:shield":1,"minecraft:cornflower":1,"minecraft:red_bed":2,"minecraft:moss_carpet":2,"minecraft:iron_shovel":1,"minecraft:blackstone":183,"minecraft:beef":51,"minecraft:oak_boat":2,"minecraft:minecart":42,"minecraft:jungle_sapling":5,"minecraft:poppy":4,"minecraft:light_gray_wool":7,"minecraft:spruce_slab":29,"minecraft:lectern":189,"minecraft:sugar_cane":1975,"minecraft:chest":12,"minecraft:spruce_trapdoor":15,"minecraft:egg":3,"minecraft:raw_iron":118,"minecraft:polished_deepslate_slab":10,"minecraft:stone":2491,"minecraft:spruce_fence":3,"minecraft:redstone":439,"minecraft:jungle_sign":1,"minecraft:stone_shovel":16,"minecraft:weeping_vines":1,"minecraft:arrow":44,"minecraft:nether_bricks":4,"minecraft:shears":1,"minecraft:deepslate_bricks":4,"minecraft:hay_block":44,"minecraft:saddle":1,"minecraft:glow_berries":22,"minecraft:mutton":4,"minecraft:rail":515,"minecraft:white_wool":72,"minecraft:oxeye_daisy":3,"minecraft:jungle_boat":19,"minecraft:leather":35,"minecraft:jungle_fence":1,"minecraft:oak_log":88,"minecraft:ancient_debris":47,"minecraft:yellow_bed":2,"minecraft:nether_wart_block":5,"minecraft:gunpowder":18,"minecraft:cobblestone_stairs":1,"minecraft:apple":1,"minecraft:kelp":2,"minecraft:acacia_trapdoor":1,"minecraft:iron_ingot":4,"minecraft:iron_ore":1,"minecraft:cooked_chicken":6,"minecraft:glass_bottle":3,"minecraft:gray_bed":5,"minecraft:soul_sand":32,"minecraft:iron_sword":1,"minecraft:acacia_sapling":25,"minecraft:book":66,"minecraft:nether_quartz_ore":1,"minecraft:quartz":1081,"minecraft:dandelion":18,"minecraft:gravel":265,"minecraft:spruce_sapling":81,"minecraft:white_bed":12,"minecraft:spruce_log":1306,"minecraft:spider_eye":14,"minecraft:diamond_shovel":1,"minecraft:stone_axe":1,"minecraft:iron_helmet":1,"minecraft:gray_wool":6,"minecraft:melon_seeds":2,"minecraft:acacia_slab":7,"minecraft:coal":105,"minecraft:hopper":11,"minecraft:ender_pearl":8},"minecraft:dropped":{"minecraft:spruce_sign":21,"minecraft:moss_block":5,"minecraft:cooked_beef":16,"minecraft:glow_ink_sac":1,"minecraft:cooked_porkchop":3,"minecraft:crossbow":1,"minecraft:leather":3,"minecraft:jungle_planks":61,"minecraft:emerald":52,"minecraft:cobblestone_stairs":1,"minecraft:dirt":16,"minecraft:cornflower":1,"minecraft:jungle_sapling":5,"minecraft:gold_nugget":22,"minecraft:sand":14,"minecraft:iron_pickaxe":2,"minecraft:bone":13,"minecraft:gravel":94,"minecraft:blackstone":27,"minecraft:cooked_chicken":1,"minecraft:rotten_flesh":65,"minecraft:grindstone":1,"minecraft:oak_planks":35,"minecraft:azure_bluet":2,"minecraft:poppy":4,"minecraft:gunpowder":8,"minecraft:quartz_block":10,"minecraft:spruce_pressure_plate":25,"minecraft:jungle_log":2,"minecraft:azalea":2,"minecraft:leather_leggings":1,"minecraft:arrow":10,"minecraft:beef":9,"minecraft:netherrack":1706,"minecraft:lectern":2,"minecraft:egg":3,"minecraft:enchanted_book":17,"minecraft:stone_hoe":1,"minecraft:bread":14,"minecraft:wheat_seeds":34,"minecraft:minecart":3,"minecraft:feather":8,"minecraft:cobblestone":7,"minecraft:book":24,"minecraft:grass_block":21,"minecraft:coal":18,"minecraft:stick":11,"minecraft:oxeye_daisy":3,"minecraft:gray_wool":1,"minecraft:brown_wool":6,"minecraft:oak_stairs":2,"minecraft:jungle_boat":1,"minecraft:iron_shovel":1,"minecraft:string":10,"minecraft:bucket":2,"minecraft:spruce_sapling":3,"minecraft:dandelion":13,"minecraft:furnace":1,"minecraft:moss_carpet":2,"minecraft:kelp":2,"minecraft:stone_shovel":16,"minecraft:iron_hoe":1,"minecraft:potato":626,"minecraft:stone":532,"minecraft:shield":1,"minecraft:diamond_pickaxe":2,"minecraft:andesite":10,"minecraft:oak_sapling":7,"minecraft:bamboo":6,"minecraft:bow":2,"minecraft:wooden_pickaxe":1},"minecraft:killed_by":{"minecraft:player":1},"minecraft:custom":{"minecraft:interact_with_crafting_table":153,"minecraft:open_barrel":87,"minecraft:bell_ring":101,"minecraft:leave_game":21,"minecraft:time_since_death":1321720,"minecraft:sprint_one_cm":3141178,"minecraft:damage_blocked_by_shield":3790,"minecraft:drop":641,"minecraft:talked_to_villager":639,"minecraft:play_time":1429890,"minecraft:deaths":1,"minecraft:jump":21272,"minecraft:interact_with_brewingstand":26,"minecraft:walk_on_water_one_cm":73061,"minecraft:enchant_item":32,"minecraft:interact_with_furnace":222,"minecraft:traded_with_villager":403,"minecraft:sleep_in_bed":78,"minecraft:damage_dealt":44682,"minecraft:crouch_one_cm":185313,"minecraft:mob_kills":266,"minecraft:interact_with_anvil":14,"minecraft:climb_one_cm":13665,"minecraft:walk_one_cm":3780378,"minecraft:sneak_time":65518,"minecraft:walk_under_water_one_cm":19344,"minecraft:boat_one_cm":1131760,"minecraft:total_world_time":1429890,"minecraft:interact_with_grindstone":19,"minecraft:time_since_rest":31520,"minecraft:damage_taken":4517,"minecraft:minecart_one_cm":21812,"minecraft:swim_one_cm":64232,"minecraft:fly_one_cm":4677816,"minecraft:open_chest":742,"minecraft:fall_one_cm":384922}},"DataVersion":3578}